scrapeTime,resultTime,temp
2025-04-16T23:56:07.959Z,2025-04-16T23:55:23.597Z,2.9
2025-04-17T01:59:53.244Z,2025-04-17T01:59:31.948Z,1.6
2025-04-17T03:08:25.748Z,2025-04-17T03:07:39.741Z,0.9
2025-04-17T04:29:12.025Z,2025-04-17T04:28:30.438Z,1.2
2025-04-17T05:24:35.842Z,2025-04-17T05:22:48.681Z,1.3
2025-04-17T06:34:25.083Z,2025-04-17T06:33:42.409Z,1.2
2025-04-17T07:25:11.780Z,2025-04-17T07:22:23.342Z,1.0
2025-04-17T08:32:10.167Z,2025-04-17T08:31:23.955Z,0.7
2025-04-17T09:27:03.503Z,2025-04-17T09:26:19.117Z,0.5
2025-04-17T10:26:52.455Z,2025-04-17T10:26:28.963Z,0.1
2025-04-17T11:19:41.778Z,2025-04-17T11:18:32.571Z,0.3
2025-04-17T12:50:33.567Z,2025-04-17T12:47:28.486Z,1.5
2025-04-17T13:32:25.574Z,2025-04-17T13:31:26.164Z,2.4
2025-04-17T14:23:50.032Z,2025-04-17T14:22:27.985Z,3.2
2025-04-17T15:25:54.679Z,2025-04-17T15:25:08.900Z,4.6
2025-04-17T16:30:50.652Z,2025-04-17T16:30:33.596Z,5.3
2025-04-17T17:22:24.791Z,2025-04-17T17:21:26.397Z,6.8
2025-04-17T18:33:29.830Z,2025-04-17T18:32:31.452Z,7.2
2025-04-17T19:19:06.259Z,2025-04-17T19:18:29.938Z,8.1
2025-04-17T20:26:18.626Z,2025-04-17T20:24:59.797Z,8.9
2025-04-17T21:22:35.543Z,2025-04-17T21:21:20.269Z,9.3
2025-04-17T22:23:12.022Z,2025-04-17T22:22:41.138Z,9.3
2025-04-17T23:22:44.140Z,2025-04-17T23:22:29.271Z,8.7
2025-04-18T01:54:54.314Z,2025-04-18T01:53:33.836Z,5.8
2025-04-18T03:04:10.674Z,2025-04-18T03:03:24.598Z,4.2
2025-04-18T04:28:28.294Z,2025-04-18T04:26:31.038Z,4.9
2025-04-18T05:24:17.026Z,2025-04-18T05:23:30.414Z,4.1
2025-04-18T06:34:14.839Z,2025-04-18T06:33:55.450Z,2.8
2025-04-18T07:25:06.094Z,2025-04-18T07:24:06.008Z,1.6
2025-04-18T08:31:04.711Z,2025-04-18T08:30:22.875Z,2.1
2025-04-18T09:26:52.136Z,2025-04-18T09:26:19.327Z,0.5
2025-04-18T10:27:30.381Z,2025-04-18T10:26:24.160Z,0.4
2025-04-18T11:19:19.644Z,2025-04-18T11:18:25.984Z,3.1
2025-04-18T12:48:28.113Z,2025-04-18T12:47:28.849Z,7.3
2025-04-18T13:30:13.713Z,2025-04-18T13:29:22.308Z,9.1
2025-04-18T14:22:47.034Z,2025-04-18T14:22:23.345Z,10.7
2025-04-18T15:25:06.464Z,2025-04-18T15:24:27.805Z,13.0
2025-04-18T16:29:35.530Z,2025-04-18T16:28:05.566Z,12.0
2025-04-18T17:21:41.729Z,2025-04-18T17:20:22.636Z,12.1
2025-04-18T18:32:35.854Z,2025-04-18T18:30:28.524Z,12.1
2025-04-18T19:18:47.983Z,2025-04-18T19:17:29.054Z,13.1
2025-04-18T20:25:44.180Z,2025-04-18T20:24:32.403Z,13.8
2025-04-18T21:23:22.834Z,2025-04-18T21:22:45.332Z,13.9
2025-04-18T22:23:39.063Z,2025-04-18T22:23:28.042Z,14.2
2025-04-18T23:22:38.122Z,2025-04-18T23:22:03.139Z,13.8
2025-04-19T01:52:58.063Z,2025-04-19T01:52:23.449Z,12.9
2025-04-19T03:00:00.603Z,2025-04-19T02:59:24.144Z,12.4
2025-04-19T03:36:50.671Z,2025-04-19T03:36:33.033Z,11.9
2025-04-19T04:28:02.934Z,2025-04-19T04:27:14.664Z,11.5
2025-04-19T05:23:50.206Z,2025-04-19T05:23:27.871Z,11.4
2025-04-19T06:32:17.418Z,2025-04-19T06:29:22.425Z,10.3
2025-04-19T07:20:42.262Z,2025-04-19T07:19:30.859Z,10.3
2025-04-19T08:28:02.261Z,2025-04-19T08:27:28.611Z,12.0
2025-04-19T09:22:28.624Z,2025-04-19T09:21:58.320Z,11.8
2025-04-19T10:24:05.843Z,2025-04-19T10:23:30.355Z,11.4
2025-04-19T11:18:59.981Z,2025-04-19T11:18:29.683Z,11.1
2025-04-19T12:43:59.125Z,2025-04-19T12:42:49.718Z,12.2
2025-04-19T13:28:27.467Z,2025-04-19T13:26:22.695Z,13.0
2025-04-19T14:20:55.608Z,2025-04-19T14:20:37.789Z,13.0
2025-04-19T15:23:09.303Z,2025-04-19T15:22:28.591Z,14.9
2025-04-19T16:29:14.424Z,2025-04-19T16:27:25.069Z,16.9
2025-04-19T17:19:53.884Z,2025-04-19T17:17:31.362Z,17.3
2025-04-19T18:30:14.212Z,2025-04-19T18:29:30.992Z,18.7
2025-04-19T19:18:55.410Z,2025-04-19T19:18:26.801Z,18.7
2025-04-19T20:24:16.623Z,2025-04-19T20:23:22.051Z,19.3
2025-04-19T21:21:14.353Z,2025-04-19T21:20:30.886Z,19.2
2025-04-19T22:22:21.301Z,2025-04-19T22:21:29.929Z,18.6
2025-04-19T23:23:53.733Z,2025-04-19T23:22:18.890Z,17.5
2025-04-20T02:04:40.072Z,2025-04-20T02:04:23.074Z,14.5
2025-04-20T03:39:06.489Z,2025-04-20T03:38:35.584Z,12.2
2025-04-20T04:27:22.683Z,2025-04-20T04:26:29.024Z,11.0
2025-04-20T05:24:08.777Z,2025-04-20T05:23:20.429Z,7.9
2025-04-20T06:32:43.861Z,2025-04-20T06:31:29.912Z,5.8
2025-04-20T07:22:07.281Z,2025-04-20T07:21:29.051Z,4.3
2025-04-20T08:27:56.842Z,2025-04-20T08:27:25.496Z,3.3
2025-04-20T09:22:36.831Z,2025-04-20T09:21:35.895Z,2.5
2025-04-20T10:26:17.864Z,2025-04-20T10:24:21.199Z,2.7
2025-04-20T11:18:56.432Z,2025-04-20T11:18:22.759Z,3.2
2025-04-20T12:44:33.784Z,2025-04-20T12:43:24.179Z,4.1
2025-04-20T13:29:28.902Z,2025-04-20T13:28:26.250Z,4.6
2025-04-20T14:21:59.579Z,2025-04-20T14:21:33.131Z,5.4
2025-04-20T15:23:00.900Z,2025-04-20T15:20:23.093Z,6.3
2025-04-20T16:27:33.325Z,2025-04-20T16:25:22.132Z,7.8
2025-04-20T17:21:31.462Z,2025-04-20T17:20:55.398Z,9.1
2025-04-20T18:30:55.725Z,2025-04-20T18:30:24.839Z,9.5
2025-04-20T19:19:34.472Z,2025-04-20T19:18:26.187Z,9.8
2025-04-20T20:24:57.968Z,2025-04-20T20:24:29.184Z,9.9
2025-04-20T21:21:14.599Z,2025-04-20T21:20:25.868Z,10.1
2025-04-20T22:24:09.821Z,2025-04-20T22:22:32.141Z,9.7
2025-04-20T23:21:53.081Z,2025-04-20T23:21:25.962Z,8.7
2025-04-21T02:03:24.033Z,2025-04-21T02:02:26.614Z,4.4
2025-04-21T03:44:06.811Z,2025-04-21T03:42:31.317Z,4.5
2025-04-21T04:29:57.797Z,2025-04-21T04:29:30.202Z,4.2
2025-04-21T05:25:53.193Z,2025-04-21T05:25:26.212Z,3.4
2025-04-21T06:34:54.111Z,2025-04-21T06:34:23.624Z,3.6
2025-04-21T07:23:49.554Z,2025-04-21T07:22:41.595Z,2.8
2025-04-21T08:33:20.317Z,2025-04-21T08:31:28.836Z,1.9
2025-04-21T09:26:32.839Z,2025-04-21T09:25:44.131Z,1.2
2025-04-21T10:27:55.020Z,2025-04-21T10:27:27.492Z,3.7
2025-04-21T11:19:59.246Z,2025-04-21T11:18:21.354Z,4.4
2025-04-21T12:49:26.666Z,2025-04-21T12:47:20.746Z,7.0
2025-04-21T13:32:08.663Z,2025-04-21T13:30:35.567Z,7.4
2025-04-21T14:24:03.357Z,2025-04-21T14:23:27.563Z,8.1
2025-04-21T15:25:38.859Z,2025-04-21T15:23:32.585Z,9.3
2025-04-21T16:31:26.459Z,2025-04-21T16:29:27.077Z,10.7
2025-04-21T17:22:13.535Z,2025-04-21T17:21:29.404Z,11.3
2025-04-21T18:32:56.322Z,2025-04-21T18:32:25.864Z,12.5
2025-04-21T19:20:07.321Z,2025-04-21T19:19:25.315Z,13.1
2025-04-21T20:26:15.367Z,2025-04-21T20:24:06.978Z,13.5
2025-04-21T21:23:00.947Z,2025-04-21T21:21:26.894Z,11.4
2025-04-21T22:24:12.417Z,2025-04-21T22:23:05.540Z,9.2
2025-04-21T23:23:14.641Z,2025-04-21T23:22:53.831Z,8.6
2025-04-22T01:58:20.437Z,2025-04-22T01:57:45.369Z,9.8
2025-04-22T03:07:29.766Z,2025-04-22T03:06:21.929Z,8.1
2025-04-22T04:29:00.358Z,2025-04-22T04:28:22.784Z,8.4
2025-04-22T05:25:18.322Z,2025-04-22T05:23:27.372Z,8.5
2025-04-22T06:34:43.289Z,2025-04-22T06:34:27.742Z,8.8
2025-04-22T07:24:37.141Z,2025-04-22T07:22:27.763Z,8.6
2025-04-22T08:32:58.640Z,2025-04-22T08:30:31.055Z,8.6
2025-04-22T09:26:30.217Z,2025-04-22T09:25:27.918Z,9.8
2025-04-22T10:26:37.022Z,2025-04-22T10:25:24.361Z,10.0
2025-04-22T11:20:56.718Z,2025-04-22T11:19:59.445Z,9.8
2025-04-22T12:50:36.197Z,2025-04-22T12:49:18.194Z,9.9
2025-04-22T13:33:30.645Z,2025-04-22T13:32:38.190Z,10.3
2025-04-22T14:24:58.050Z,2025-04-22T14:24:17.928Z,10.7
2025-04-22T15:26:14.774Z,2025-04-22T15:25:26.142Z,10.6
2025-04-22T16:31:10.904Z,2025-04-22T16:30:28.703Z,10.1
2025-04-22T17:22:01.067Z,2025-04-22T17:20:26.396Z,10.5
2025-04-22T18:34:08.620Z,2025-04-22T18:33:28.506Z,10.9
2025-04-22T19:20:24.450Z,2025-04-22T19:18:31.611Z,11.1
2025-04-22T20:27:24.149Z,2025-04-22T20:26:22.343Z,11.1
2025-04-22T21:22:40.256Z,2025-04-22T21:21:26.189Z,11.3
2025-04-22T22:23:59.939Z,2025-04-22T22:23:31.368Z,11.1
2025-04-22T23:22:23.320Z,2025-04-22T23:21:33.216Z,11.0
2025-04-23T01:59:09.753Z,2025-04-23T01:58:18.147Z,9.7
2025-04-23T03:08:59.908Z,2025-04-23T03:08:29.772Z,8.8
2025-04-23T04:29:35.381Z,2025-04-23T04:28:18.861Z,7.8
2025-04-23T05:25:05.581Z,2025-04-23T05:24:42.111Z,7.5
2025-04-23T06:34:59.844Z,2025-04-23T06:34:22.796Z,6.9
2025-04-23T07:28:11.028Z,2025-04-23T07:27:26.354Z,6.3
2025-04-23T08:32:49.569Z,2025-04-23T08:31:26.886Z,6.5
2025-04-23T09:26:49.975Z,2025-04-23T09:26:28.748Z,5.3
2025-04-23T10:28:37.454Z,2025-04-23T10:27:29.524Z,4.3
2025-04-23T11:21:00.019Z,2025-04-23T11:20:26.064Z,5.8
2025-04-23T12:51:24.402Z,2025-04-23T12:50:22.749Z,7.0
2025-04-23T13:33:40.934Z,2025-04-23T13:33:31.094Z,7.6
2025-04-23T14:25:57.647Z,2025-04-23T14:25:32.002Z,8.9
2025-04-23T15:27:38.736Z,2025-04-23T15:26:31.704Z,10.0
2025-04-23T16:32:13.683Z,2025-04-23T16:31:21.122Z,10.6
2025-04-23T17:23:07.198Z,2025-04-23T17:22:34.032Z,11.8
2025-04-23T18:35:42.269Z,2025-04-23T18:34:21.766Z,13.7
2025-04-23T19:19:49.380Z,2025-04-23T19:19:25.823Z,13.8
2025-04-23T20:27:17.748Z,2025-04-23T20:26:46.104Z,14.9
2025-04-23T21:23:37.624Z,2025-04-23T21:23:10.099Z,14.7
2025-04-23T22:24:28.295Z,2025-04-23T22:23:43.113Z,14.4
2025-04-23T23:23:26.668Z,2025-04-23T23:23:11.251Z,13.2
2025-04-24T01:59:27.056Z,2025-04-24T01:57:27.018Z,9.7
2025-04-24T03:10:38.321Z,2025-04-24T03:10:23.647Z,8.5
2025-04-24T04:29:08.553Z,2025-04-24T04:28:28.808Z,7.4
2025-04-24T05:25:15.296Z,2025-04-24T05:23:26.531Z,6.5
2025-04-24T06:35:27.274Z,2025-04-24T06:34:29.722Z,5.0
2025-04-24T07:25:05.558Z,2025-04-24T07:23:29.594Z,4.7
2025-04-24T08:32:53.632Z,2025-04-24T08:32:22.062Z,3.2
2025-04-24T09:27:16.216Z,2025-04-24T09:26:29.176Z,5.3
2025-04-24T10:27:21.707Z,2025-04-24T10:26:25.478Z,5.4
2025-04-24T11:21:02.749Z,2025-04-24T11:20:19.649Z,7.0
2025-04-24T12:52:02.102Z,2025-04-24T12:49:25.454Z,9.2
2025-04-24T13:34:23.575Z,2025-04-24T13:33:29.023Z,10.0
2025-04-24T14:24:09.179Z,2025-04-24T14:23:25.452Z,10.7
2025-04-24T15:27:21.968Z,2025-04-24T15:26:35.749Z,12.0
2025-04-24T16:31:37.498Z,2025-04-24T16:30:30.139Z,12.5
2025-04-24T17:22:13.086Z,2025-04-24T17:20:59.703Z,14.0
2025-04-24T18:33:42.654Z,2025-04-24T18:33:26.801Z,15.9
2025-04-24T19:20:49.640Z,2025-04-24T19:19:23.770Z,16.8
2025-04-24T20:27:24.537Z,2025-04-24T20:25:30.692Z,17.9
2025-04-24T21:24:49.727Z,2025-04-24T21:24:22.421Z,18.1
2025-04-24T22:25:13.442Z,2025-04-24T22:24:52.482Z,17.7
2025-04-24T23:22:55.851Z,2025-04-24T23:22:19.559Z,16.9
2025-04-25T02:00:07.381Z,2025-04-25T01:59:27.993Z,13.2
2025-04-25T03:10:34.155Z,2025-04-25T03:09:41.441Z,12.3
2025-04-25T04:29:02.518Z,2025-04-25T04:27:38.359Z,11.1
2025-04-25T05:24:43.202Z,2025-04-25T05:23:32.169Z,10.4
2025-04-25T06:34:52.537Z,2025-04-25T06:33:45.414Z,8.8
2025-04-25T07:23:57.406Z,2025-04-25T07:22:29.564Z,8.6
2025-04-25T08:32:24.922Z,2025-04-25T08:31:28.900Z,7.4
2025-04-25T09:26:29.289Z,2025-04-25T09:25:29.992Z,7.8
2025-04-25T10:26:34.485Z,2025-04-25T10:23:22.123Z,8.0
2025-04-25T11:20:29.317Z,2025-04-25T11:19:28.348Z,8.5
2025-04-25T12:50:51.226Z,2025-04-25T12:49:56.956Z,9.7
2025-04-25T13:32:08.770Z,2025-04-25T13:30:44.152Z,10.8
2025-04-25T14:23:39.666Z,2025-04-25T14:22:27.800Z,11.0
2025-04-25T15:25:52.441Z,2025-04-25T15:25:22.789Z,13.5
2025-04-25T16:30:40.135Z,2025-04-25T16:28:24.620Z,14.0
2025-04-25T17:21:18.394Z,2025-04-25T17:20:23.732Z,14.7
2025-04-25T18:33:25.170Z,2025-04-25T18:33:12.083Z,16.0
2025-04-25T19:19:43.617Z,2025-04-25T19:19:06.266Z,16.6
2025-04-25T20:27:07.079Z,2025-04-25T20:25:25.016Z,15.9
2025-04-25T21:23:13.531Z,2025-04-25T21:22:31.773Z,15.6
2025-04-25T22:25:16.559Z,2025-04-25T22:24:27.005Z,15.0
2025-04-25T23:22:23.856Z,2025-04-25T23:20:39.719Z,14.5
2025-04-26T01:55:32.534Z,2025-04-26T01:53:27.307Z,12.1
2025-04-26T03:03:59.305Z,2025-04-26T03:03:30.389Z,12.0
2025-04-26T04:28:19.408Z,2025-04-26T04:27:24.601Z,11.7
2025-04-26T05:23:48.329Z,2025-04-26T05:23:24.921Z,11.1
2025-04-26T06:31:51.514Z,2025-04-26T06:30:41.851Z,10.5
2025-04-26T07:21:07.513Z,2025-04-26T07:20:18.669Z,10.2
2025-04-26T08:28:58.942Z,2025-04-26T08:28:00.137Z,9.9
2025-04-26T09:23:16.825Z,2025-04-26T09:21:05.604Z,9.7
2025-04-26T10:24:06.996Z,2025-04-26T10:23:25.677Z,9.5
2025-04-26T11:18:11.178Z,2025-04-26T11:16:29.812Z,9.1
2025-04-26T12:45:04.623Z,2025-04-26T12:44:35.930Z,8.3
2025-04-26T13:27:43.235Z,2025-04-26T13:26:25.269Z,8.7
2025-04-26T14:20:47.631Z,2025-04-26T14:20:27.177Z,9.3
2025-04-26T15:22:57.102Z,2025-04-26T15:21:39.896Z,9.1
2025-04-26T16:28:21.343Z,2025-04-26T16:27:26.023Z,9.1
2025-04-26T17:18:51.991Z,2025-04-26T17:17:39.560Z,9.1
2025-04-26T18:30:29.504Z,2025-04-26T18:30:05.708Z,9.4
2025-04-26T19:18:42.524Z,2025-04-26T19:18:21.787Z,9.4
2025-04-26T20:24:25.319Z,2025-04-26T20:24:04.512Z,9.3
2025-04-26T21:20:52.616Z,2025-04-26T21:19:20.871Z,9.0
2025-04-26T22:22:15.435Z,2025-04-26T22:21:23.984Z,8.9
2025-04-26T23:23:01.183Z,2025-04-26T23:22:29.209Z,8.5
2025-04-27T02:05:15.819Z,2025-04-27T02:04:36.774Z,7.9
2025-04-27T03:39:39.200Z,2025-04-27T03:38:30.401Z,7.0
2025-04-27T04:28:00.969Z,2025-04-27T04:26:28.566Z,6.5
2025-04-27T05:23:40.529Z,2025-04-27T05:22:28.678Z,6.0
2025-04-27T06:32:27.769Z,2025-04-27T06:32:06.589Z,5.3
2025-04-27T07:21:10.040Z,2025-04-27T07:20:22.696Z,4.8
2025-04-27T08:28:31.393Z,2025-04-27T08:27:39.187Z,3.8
2025-04-27T09:23:26.459Z,2025-04-27T09:22:22.977Z,3.4
2025-04-27T10:25:14.520Z,2025-04-27T10:24:12.896Z,3.3
2025-04-27T11:18:02.105Z,2025-04-27T11:17:25.926Z,2.4
2025-04-27T12:44:59.643Z,2025-04-27T12:44:21.912Z,3.8
2025-04-27T13:27:59.237Z,2025-04-27T13:26:30.146Z,3.4
2025-04-27T14:20:52.409Z,2025-04-27T14:20:41.175Z,4.1
2025-04-27T15:24:04.065Z,2025-04-27T15:23:46.302Z,5.1
2025-04-27T16:28:14.706Z,2025-04-27T16:27:21.487Z,7.5
2025-04-27T17:20:59.305Z,2025-04-27T17:20:14.007Z,9.3
2025-04-27T18:31:09.159Z,2025-04-27T18:30:23.250Z,11.8
2025-04-27T19:18:54.935Z,2025-04-27T19:16:31.684Z,11.9
2025-04-27T20:25:28.622Z,2025-04-27T20:24:04.138Z,17.0
2025-04-27T21:21:17.871Z,2025-04-27T21:20:24.653Z,18.1
2025-04-27T22:22:40.010Z,2025-04-27T22:21:26.017Z,17.5
2025-04-27T23:25:23.319Z,2025-04-27T23:24:57.238Z,16.3
2025-04-28T02:03:15.645Z,2025-04-28T02:02:27.473Z,11.8
2025-04-28T03:43:10.799Z,2025-04-28T03:42:25.206Z,9.7
2025-04-28T04:30:30.720Z,2025-04-28T04:29:53.809Z,9.5
2025-04-28T05:35:07.674Z,2025-04-28T05:34:23.643Z,7.5
2025-04-28T06:41:44.712Z,2025-04-28T06:41:31.738Z,5.6
2025-04-28T07:51:42.349Z,2025-04-28T07:50:27.921Z,6.4
2025-04-28T09:25:54.173Z,2025-04-28T09:25:26.464Z,7.0
2025-04-28T11:09:47.623Z,2025-04-28T11:08:27.920Z,8.5
2025-04-28T13:00:41.110Z,2025-04-28T12:59:46.228Z,11.9
2025-04-28T14:27:59.771Z,2025-04-28T14:27:31.123Z,14.7
2025-04-28T15:27:28.760Z,2025-04-28T15:26:46.602Z,16.5
2025-04-28T16:30:23.566Z,2025-04-28T16:29:50.988Z,19.0
2025-04-28T17:21:41.744Z,2025-04-28T17:20:23.742Z,19.5
2025-04-28T18:34:37.176Z,2025-04-28T18:34:26.013Z,20.4
2025-04-28T19:19:49.901Z,2025-04-28T19:18:24.556Z,20.0
2025-04-28T20:24:57.040Z,2025-04-28T20:24:21.516Z,20.9
2025-04-28T21:22:16.076Z,2025-04-28T21:21:53.124Z,20.5
2025-04-28T22:24:33.367Z,2025-04-28T22:23:24.847Z,20.0
2025-04-28T23:23:04.829Z,2025-04-28T23:20:17.713Z,19.8
2025-04-29T02:00:31.054Z,2025-04-29T01:59:28.010Z,12.5
2025-04-29T03:39:11.449Z,2025-04-29T03:38:17.165Z,13.9
2025-04-29T04:28:28.640Z,2025-04-29T04:28:06.792Z,12.2
2025-04-29T05:25:08.220Z,2025-04-29T05:23:20.571Z,10.9
2025-04-29T06:35:38.412Z,2025-04-29T06:34:30.614Z,10.1
2025-04-29T07:25:29.438Z,2025-04-29T07:22:44.343Z,10.1
2025-04-29T08:34:18.686Z,2025-04-29T08:33:27.791Z,10.0
2025-04-29T09:27:39.964Z,2025-04-29T09:27:25.042Z,10.9
2025-04-29T10:28:25.342Z,2025-04-29T10:27:32.432Z,11.1
2025-04-29T11:21:03.735Z,2025-04-29T11:20:27.607Z,14.4
2025-04-29T12:54:55.216Z,2025-04-29T12:43:16.991Z,16.8
2025-04-29T13:37:38.061Z,2025-04-29T12:43:16.991Z,16.8
2025-04-29T14:25:58.105Z,2025-04-29T14:25:42.203Z,21.0
2025-04-29T15:27:06.290Z,2025-04-29T15:26:37.832Z,22.9
2025-04-29T16:31:09.973Z,2025-04-29T16:30:26.163Z,22.3
2025-04-29T17:22:43.843Z,2025-04-29T17:22:32.570Z,19.9
2025-04-29T18:33:24.254Z,2025-04-29T18:32:28.190Z,22.3
2025-04-29T19:20:01.169Z,2025-04-29T19:19:23.896Z,20.8
2025-04-29T20:27:32.325Z,2025-04-29T20:25:25.528Z,21.0
2025-04-29T21:22:57.092Z,2025-04-29T21:21:28.041Z,22.6
2025-04-29T22:23:53.950Z,2025-04-29T22:22:33.341Z,23.0
2025-04-29T23:22:48.248Z,2025-04-29T23:22:21.851Z,23.0
2025-04-30T02:00:11.568Z,2025-04-30T01:59:24.699Z,17.7
2025-04-30T03:39:12.706Z,2025-04-30T03:38:20.526Z,18.0
2025-04-30T04:29:29.404Z,2025-04-30T04:28:28.643Z,18.1
2025-04-30T05:25:19.947Z,2025-04-30T05:23:41.634Z,14.6
2025-04-30T06:35:20.327Z,2025-04-30T06:34:12.451Z,7.8
2025-04-30T07:23:54.131Z,2025-04-30T07:23:25.047Z,5.5
2025-04-30T08:32:57.931Z,2025-04-30T08:32:20.499Z,3.1
2025-04-30T09:26:56.006Z,2025-04-30T09:24:28.708Z,1.6
2025-04-30T10:27:03.660Z,2025-04-30T10:26:28.374Z,1.6
2025-04-30T11:20:12.779Z,2025-04-30T11:19:49.624Z,2.0
2025-04-30T12:50:25.386Z,2025-04-30T12:49:25.747Z,1.9
2025-04-30T13:33:11.036Z,2025-04-30T13:32:24.475Z,2.0
2025-04-30T14:24:33.312Z,2025-04-30T14:23:28.150Z,3.0
2025-04-30T15:26:51.407Z,2025-04-30T15:25:17.249Z,4.2
2025-04-30T16:31:12.218Z,2025-04-30T16:30:08.332Z,5.1
2025-04-30T17:21:57.801Z,2025-04-30T17:21:25.139Z,6.3
2025-04-30T18:34:18.212Z,2025-04-30T18:33:26.031Z,7.6
2025-04-30T19:19:11.413Z,2025-04-30T19:18:32.085Z,9.0
2025-04-30T20:27:01.029Z,2025-04-30T20:25:30.680Z,9.6
2025-04-30T21:23:52.540Z,2025-04-30T21:23:21.041Z,10.7
2025-04-30T22:24:16.402Z,2025-04-30T22:23:43.526Z,10.2
2025-04-30T23:23:23.893Z,2025-04-30T23:22:25.269Z,9.5
2025-05-01T02:09:30.339Z,2025-05-01T02:08:23.256Z,7.5
2025-05-01T03:48:46.127Z,2025-05-01T03:46:23.505Z,5.9
2025-05-01T04:30:48.765Z,2025-05-01T04:29:16.661Z,5.7
2025-05-01T05:25:39.700Z,2025-05-01T05:24:21.763Z,5.5
2025-05-01T06:35:33.735Z,2025-05-01T06:34:25.489Z,6.5
2025-05-01T07:24:41.709Z,2025-05-01T07:24:25.020Z,6.1
2025-05-01T08:31:54.212Z,2025-05-01T08:31:35.276Z,4.8
2025-05-01T09:26:23.785Z,2025-05-01T09:25:49.791Z,3.9
2025-05-01T10:27:09.078Z,2025-05-01T10:26:58.498Z,4.0
2025-05-01T11:20:15.450Z,2025-05-01T11:19:53.864Z,5.0
2025-05-01T12:49:36.219Z,2025-05-01T12:48:25.989Z,6.6
2025-05-01T13:31:56.921Z,2025-05-01T13:30:26.140Z,7.7
2025-05-01T14:23:13.905Z,2025-05-01T14:22:26.251Z,9.6
2025-05-01T15:25:31.685Z,2025-05-01T15:24:30.084Z,10.5
2025-05-01T16:31:04.192Z,2025-05-01T16:29:28.826Z,12.0
2025-05-01T17:22:17.957Z,2025-05-01T17:21:46.996Z,12.9
2025-05-01T18:34:11.274Z,2025-05-01T18:33:26.699Z,14.8
2025-05-01T19:19:14.281Z,2025-05-01T19:18:03.014Z,15.6
2025-05-01T20:25:46.071Z,2025-05-01T20:24:21.423Z,15.8
2025-05-01T21:22:03.361Z,2025-05-01T21:20:28.506Z,16.3
2025-05-01T22:24:05.985Z,2025-05-01T22:23:26.703Z,16.1
2025-05-01T23:23:27.981Z,2025-05-01T23:22:32.251Z,15.8
2025-05-02T02:01:04.495Z,2025-05-02T01:59:25.938Z,13.0
2025-05-02T03:41:48.295Z,2025-05-02T03:40:06.398Z,11.0
2025-05-02T04:29:14.035Z,2025-05-02T04:28:20.241Z,10.7
2025-05-02T05:25:05.987Z,2025-05-02T05:23:40.320Z,11.1
2025-05-02T06:35:08.849Z,2025-05-02T06:34:24.102Z,10.8
2025-05-02T07:24:19.214Z,2025-05-02T07:23:23.766Z,10.8
2025-05-02T08:32:29.075Z,2025-05-02T08:31:29.921Z,10.9
2025-05-02T09:26:14.989Z,2025-05-02T09:25:24.221Z,11.3
2025-05-02T10:26:36.355Z,2025-05-02T10:25:26.021Z,11.4
2025-05-02T11:20:18.350Z,2025-05-02T11:19:26.135Z,11.2
2025-05-02T12:49:53.910Z,2025-05-02T12:48:27.490Z,11.8
2025-05-02T13:32:45.710Z,2025-05-02T13:32:22.285Z,12.0
2025-05-02T14:24:09.404Z,2025-05-02T14:21:22.655Z,13.1
2025-05-02T15:25:54.934Z,2025-05-02T15:25:35.003Z,16.4
2025-05-02T16:31:33.989Z,2025-05-02T16:30:39.606Z,19.6
2025-05-02T17:22:02.063Z,2025-05-02T17:20:23.865Z,20.8
2025-05-02T18:33:48.501Z,2025-05-02T18:31:59.775Z,21.5
2025-05-02T19:19:33.680Z,2025-05-02T19:18:55.419Z,20.6
2025-05-02T20:27:02.776Z,2025-05-02T20:26:29.212Z,20.9
2025-05-02T21:22:59.920Z,2025-05-02T21:22:24.987Z,20.8
2025-05-02T22:24:24.557Z,2025-05-02T22:22:44.000Z,20.0
2025-05-02T23:22:36.339Z,2025-05-02T23:21:35.710Z,19.0
2025-05-03T01:58:12.058Z,2025-05-03T01:57:43.780Z,17.6
2025-05-03T03:09:03.358Z,2025-05-03T03:08:24.562Z,15.8
2025-05-03T04:28:29.837Z,2025-05-03T04:27:58.913Z,13.8
2025-05-03T05:24:48.553Z,2025-05-03T05:24:20.997Z,12.7
2025-05-03T06:32:33.730Z,2025-05-03T06:31:37.669Z,11.6
2025-05-03T07:21:53.543Z,2025-05-03T07:21:31.410Z,10.7
2025-05-03T08:29:05.537Z,2025-05-03T08:28:08.109Z,10.0
2025-05-03T09:23:39.294Z,2025-05-03T09:23:22.452Z,9.7
2025-05-03T10:24:38.379Z,2025-05-03T10:23:28.522Z,9.4
2025-05-03T11:19:15.577Z,2025-05-03T11:18:37.244Z,9.6
2025-05-03T12:46:37.029Z,2025-05-03T12:43:24.886Z,10.2
2025-05-03T13:28:45.680Z,2025-05-03T13:28:21.989Z,10.6
2025-05-03T14:21:36.692Z,2025-05-03T14:19:26.210Z,11.0
2025-05-03T15:23:34.967Z,2025-05-03T15:22:24.226Z,11.6
2025-05-03T16:28:36.665Z,2025-05-03T16:27:26.825Z,12.0
2025-05-03T17:19:55.170Z,2025-05-03T17:19:19.033Z,13.1
2025-05-03T18:31:59.375Z,2025-05-03T18:31:26.210Z,13.5
2025-05-03T19:18:10.012Z,2025-05-03T19:16:21.034Z,13.4
2025-05-03T20:25:07.908Z,2025-05-03T20:24:37.921Z,14.2
2025-05-03T21:21:35.607Z,2025-05-03T21:20:36.810Z,14.3
2025-05-03T22:22:56.846Z,2025-05-03T22:22:32.109Z,14.0
2025-05-03T23:22:29.755Z,2025-05-03T23:21:20.656Z,14.0
2025-05-04T02:10:38.630Z,2025-05-04T02:10:29.828Z,12.8
2025-05-04T03:47:26.531Z,2025-05-04T03:46:36.815Z,12.0
2025-05-04T04:29:23.468Z,2025-05-04T04:28:25.691Z,11.2
2025-05-04T05:24:23.781Z,2025-05-04T05:23:28.938Z,11.1
2025-05-04T06:33:14.950Z,2025-05-04T06:32:24.578Z,10.7
2025-05-04T07:21:58.574Z,2025-05-04T07:21:17.160Z,11.3
2025-05-04T08:29:05.968Z,2025-05-04T08:28:26.519Z,9.5
2025-05-04T09:23:48.798Z,2025-05-04T09:22:27.091Z,10.3
2025-05-04T10:24:59.246Z,2025-05-04T10:24:27.506Z,8.7
2025-05-04T11:19:00.907Z,2025-05-04T11:17:39.451Z,9.5
2025-05-04T12:46:59.327Z,2025-05-04T12:46:37.035Z,11.4
2025-05-04T13:29:15.923Z,2025-05-04T13:27:19.611Z,13.3
2025-05-04T14:21:24.335Z,2025-05-04T14:20:23.663Z,14.7
2025-05-04T15:23:45.698Z,2025-05-04T15:23:21.628Z,15.6
2025-05-04T16:28:51.008Z,2025-05-04T16:26:29.799Z,16.9
2025-05-04T17:19:45.109Z,2025-05-04T17:18:24.437Z,17.8
2025-05-04T18:31:53.647Z,2025-05-04T18:31:24.826Z,18.2
2025-05-04T19:19:16.825Z,2025-05-04T19:17:37.575Z,18.3
2025-05-04T20:25:22.546Z,2025-05-04T20:25:08.181Z,19.2
2025-05-04T21:21:58.228Z,2025-05-04T21:21:28.506Z,19.3
2025-05-04T22:23:09.766Z,2025-05-04T22:21:26.099Z,19.0
2025-05-04T23:22:44.739Z,2025-05-04T23:21:25.781Z,18.5
2025-05-05T02:05:18.120Z,2025-05-05T02:03:24.885Z,15.5
2025-05-05T03:45:32.655Z,2025-05-05T03:44:32.075Z,16.1
2025-05-05T04:30:30.972Z,2025-05-05T04:29:54.051Z,15.0
2025-05-05T05:26:05.633Z,2025-05-05T05:25:32.581Z,13.4
2025-05-05T06:36:18.574Z,2025-05-05T06:35:24.974Z,12.5
2025-05-05T07:25:18.982Z,2025-05-05T07:24:42.192Z,11.7
2025-05-05T08:34:18.817Z,2025-05-05T08:33:25.148Z,10.6
2025-05-05T09:27:30.626Z,2025-05-05T09:26:25.395Z,10.0
2025-05-05T10:28:04.802Z,2025-05-05T10:27:26.530Z,9.6
2025-05-05T11:20:57.336Z,2025-05-05T11:20:32.300Z,9.9
2025-05-05T12:52:10.842Z,2025-05-05T12:51:28.510Z,12.4
2025-05-05T13:34:01.819Z,2025-05-05T13:33:30.649Z,13.7
2025-05-05T14:26:20.335Z,2025-05-05T14:25:35.528Z,14.0
2025-05-05T15:26:49.166Z,2025-05-05T15:26:30.763Z,16.9
2025-05-05T16:32:15.617Z,2025-05-05T16:31:27.737Z,18.9
2025-05-05T17:22:30.190Z,2025-05-05T17:20:25.465Z,20.8
2025-05-05T18:31:23.037Z,2025-05-05T18:30:29.891Z,23.1
2025-05-05T19:19:02.816Z,2025-05-05T19:18:27.216Z,23.2
2025-05-05T20:27:51.821Z,2025-05-05T20:27:26.206Z,22.7
2025-05-05T21:23:23.921Z,2025-05-05T21:22:23.710Z,21.8
2025-05-05T22:25:28.714Z,2025-05-05T22:24:40.632Z,20.5
2025-05-05T23:23:11.674Z,2025-05-05T23:22:29.848Z,19.3
2025-05-06T02:01:50.098Z,2025-05-06T02:01:23.869Z,16.6
2025-05-06T03:40:59.871Z,2025-05-06T03:40:26.145Z,15.3
2025-05-06T04:29:49.446Z,2025-05-06T04:29:25.314Z,15.4
2025-05-06T05:25:54.849Z,2025-05-06T05:25:24.188Z,15.1
2025-05-06T06:35:16.199Z,2025-05-06T06:34:24.426Z,14.9
2025-05-06T07:25:19.967Z,2025-05-06T07:23:27.101Z,14.9
2025-05-06T08:33:32.964Z,2025-05-06T08:32:26.915Z,14.8
2025-05-06T09:27:24.825Z,2025-05-06T09:26:25.736Z,14.2
2025-05-06T10:27:37.904Z,2025-05-06T10:27:24.056Z,13.8
2025-05-06T11:20:47.692Z,2025-05-06T11:19:29.860Z,13.7
2025-05-06T12:53:22.563Z,2025-05-06T12:52:27.857Z,14.7
2025-05-06T13:36:22.397Z,2025-05-06T13:35:02.627Z,15.4
2025-05-06T14:25:51.072Z,2025-05-06T14:25:30.683Z,16.1
2025-05-06T15:32:47.091Z,2025-05-06T15:32:28.162Z,16.8
2025-05-06T16:30:51.090Z,2025-05-06T16:30:23.605Z,19.2
2025-05-06T17:22:23.770Z,2025-05-06T17:21:50.829Z,21.1
2025-05-06T18:33:56.572Z,2025-05-06T18:33:45.028Z,22.2
2025-05-06T19:19:29.007Z,2025-05-06T19:17:30.654Z,22.1
2025-05-06T20:27:33.801Z,2025-05-06T20:26:32.549Z,21.5
2025-05-06T21:23:37.304Z,2025-05-06T21:22:50.122Z,22.6
2025-05-06T22:24:26.673Z,2025-05-06T22:23:30.128Z,20.4
2025-05-06T23:23:12.056Z,2025-05-06T23:22:46.370Z,19.6
2025-05-07T02:02:32.780Z,2025-05-07T02:02:14.052Z,17.8
2025-05-07T03:43:17.831Z,2025-05-07T03:42:27.122Z,17.0
2025-05-07T04:29:56.030Z,2025-05-07T04:28:25.654Z,17.0
2025-05-07T05:25:28.357Z,2025-05-07T05:24:18.079Z,16.3
2025-05-07T06:35:43.656Z,2025-05-07T06:35:28.716Z,15.8
2025-05-07T07:25:09.251Z,2025-05-07T07:23:24.299Z,16.4
2025-05-07T08:34:29.199Z,2025-05-07T08:33:29.455Z,15.9
2025-05-07T09:28:23.835Z,2025-05-07T09:27:29.995Z,15.5
2025-05-07T10:28:02.419Z,2025-05-07T10:27:29.725Z,15.3
2025-05-07T11:21:48.788Z,2025-05-07T11:21:23.026Z,15.2
2025-05-07T12:54:23.660Z,2025-05-07T12:53:32.642Z,16.8
2025-05-07T13:37:09.230Z,2025-05-07T13:36:48.692Z,17.1
2025-05-07T14:26:29.334Z,2025-05-07T14:24:28.562Z,17.2
2025-05-07T15:28:14.156Z,2025-05-07T15:26:45.321Z,17.5
2025-05-07T16:33:03.993Z,2025-05-07T16:31:26.065Z,16.5
2025-05-07T17:23:05.135Z,2025-05-07T17:20:30.774Z,16.4
2025-05-07T18:33:56.594Z,2025-05-07T18:33:39.127Z,18.1
2025-05-07T19:21:13.275Z,2025-05-07T19:19:19.152Z,19.1
2025-05-07T20:28:18.314Z,2025-05-07T20:27:30.727Z,19.3
2025-05-07T21:20:44.715Z,2025-05-07T21:20:31.048Z,19.0
2025-05-07T22:24:57.595Z,2025-05-07T22:22:05.020Z,17.6
2025-05-07T23:23:41.147Z,2025-05-07T23:23:19.754Z,15.4
2025-05-08T02:03:19.020Z,2025-05-08T02:02:33.031Z,10.9
2025-05-08T03:44:23.925Z,2025-05-08T03:42:46.198Z,10.7
2025-05-08T04:31:03.880Z,2025-05-08T04:29:43.124Z,10.1
2025-05-08T05:26:10.593Z,2025-05-08T05:24:28.403Z,10.1
2025-05-08T06:36:03.891Z,2025-05-08T06:35:26.766Z,9.5
2025-05-08T07:25:00.211Z,2025-05-08T07:23:27.476Z,9.2
2025-05-08T08:33:28.232Z,2025-05-08T08:32:18.007Z,9.0
2025-05-08T09:27:01.719Z,2025-05-08T09:26:28.183Z,8.5
2025-05-08T10:28:07.461Z,2025-05-08T10:27:26.522Z,7.9
2025-05-08T11:21:21.230Z,2025-05-08T11:20:12.470Z,7.4
2025-05-08T12:52:11.277Z,2025-05-08T12:51:31.672Z,6.9
2025-05-08T13:34:05.334Z,2025-05-08T13:33:28.708Z,7.5
2025-05-08T14:23:59.472Z,2025-05-08T14:23:25.087Z,8.3
2025-05-08T15:28:04.856Z,2025-05-08T15:27:24.108Z,8.2
2025-05-08T16:32:51.028Z,2025-05-08T16:32:19.610Z,9.1
2025-05-08T17:22:01.385Z,2025-05-08T17:21:27.928Z,9.5
2025-05-08T18:35:07.976Z,2025-05-08T18:33:31.325Z,10.1
2025-05-08T19:20:44.048Z,2025-05-08T19:20:23.808Z,10.2
2025-05-08T20:27:59.436Z,2025-05-08T20:25:19.329Z,10.3
2025-05-08T21:23:49.886Z,2025-05-08T21:23:15.419Z,10.3
2025-05-08T22:24:25.027Z,2025-05-08T22:23:24.710Z,10.3
2025-05-08T23:24:12.102Z,2025-05-08T23:23:42.476Z,9.9
2025-05-09T02:02:19.881Z,2025-05-09T01:59:24.281Z,7.1
2025-05-09T03:42:48.915Z,2025-05-09T03:40:23.565Z,7.4
2025-05-09T04:30:16.502Z,2025-05-09T04:28:18.863Z,6.8
2025-05-09T05:25:08.980Z,2025-05-09T05:24:28.553Z,6.5
2025-05-09T06:35:43.379Z,2025-05-09T06:34:19.796Z,7.1
2025-05-09T07:24:43.481Z,2025-05-09T07:23:52.634Z,7.1
2025-05-09T08:33:07.560Z,2025-05-09T08:32:22.994Z,6.9
2025-05-09T09:26:55.593Z,2025-05-09T09:25:43.753Z,6.6
2025-05-09T10:26:59.019Z,2025-05-09T10:26:26.437Z,6.0
2025-05-09T11:20:08.562Z,2025-05-09T11:19:24.339Z,6.0
2025-05-09T12:50:45.155Z,2025-05-09T12:48:56.088Z,5.6
2025-05-09T13:33:26.465Z,2025-05-09T13:31:22.953Z,5.6
2025-05-09T14:24:30.367Z,2025-05-09T14:23:32.430Z,5.7
2025-05-09T15:26:13.767Z,2025-05-09T15:25:33.444Z,5.8
2025-05-09T16:30:53.414Z,2025-05-09T16:30:27.756Z,6.6
2025-05-09T17:21:50.031Z,2025-05-09T17:21:23.342Z,6.9
2025-05-09T18:34:17.133Z,2025-05-09T18:33:26.930Z,7.3
2025-05-09T19:19:38.283Z,2025-05-09T19:18:54.385Z,7.7
2025-05-09T20:27:02.487Z,2025-05-09T20:26:30.276Z,7.9
2025-05-09T21:22:37.832Z,2025-05-09T21:22:25.988Z,8.3
2025-05-09T22:23:44.581Z,2025-05-09T22:23:20.903Z,8.4
2025-05-09T23:22:35.573Z,2025-05-09T23:22:22.511Z,8.3
2025-05-10T01:57:29.034Z,2025-05-10T01:55:31.938Z,7.3
2025-05-10T03:08:43.415Z,2025-05-10T03:08:22.681Z,7.3
2025-05-10T04:29:22.049Z,2025-05-10T04:28:26.786Z,7.3
2025-05-10T05:23:27.216Z,2025-05-10T05:22:23.794Z,7.3
2025-05-10T06:31:59.739Z,2025-05-10T06:31:28.850Z,7.3
2025-05-10T07:21:37.347Z,2025-05-10T07:20:20.831Z,7.3
2025-05-10T08:29:06.697Z,2025-05-10T08:28:27.228Z,7.3
2025-05-10T09:23:07.372Z,2025-05-10T09:21:30.132Z,7.1
2025-05-10T10:25:29.847Z,2025-05-10T10:24:52.358Z,7.5
2025-05-10T11:19:59.943Z,2025-05-10T11:19:31.530Z,8.0
2025-05-10T12:46:22.220Z,2025-05-10T12:45:24.592Z,8.7
2025-05-10T13:29:00.647Z,2025-05-10T13:28:24.747Z,9.1
2025-05-10T14:21:05.492Z,2025-05-10T14:20:29.250Z,9.3
2025-05-10T15:24:16.211Z,2025-05-10T15:23:54.885Z,10.5
2025-05-10T16:28:49.154Z,2025-05-10T16:28:32.563Z,10.9
2025-05-10T17:19:30.247Z,2025-05-10T17:18:27.665Z,12.2
2025-05-10T18:30:52.018Z,2025-05-10T18:28:21.275Z,14.4
2025-05-10T19:17:56.844Z,2025-05-10T19:16:25.019Z,14.2
2025-05-10T20:24:54.097Z,2025-05-10T20:23:38.419Z,17.2
2025-05-10T21:20:47.243Z,2025-05-10T21:20:28.808Z,17.9
2025-05-10T22:22:08.276Z,2025-05-10T22:21:27.906Z,18.5
2025-05-10T23:22:00.436Z,2025-05-10T23:21:07.549Z,18.3
2025-05-11T02:08:36.874Z,2025-05-11T02:07:40.467Z,16.5
2025-05-11T03:45:40.181Z,2025-05-11T03:44:34.061Z,12.8
2025-05-11T04:29:57.371Z,2025-05-11T04:29:27.271Z,10.9
2025-05-11T05:24:01.686Z,2025-05-11T05:23:27.408Z,8.6
2025-05-11T06:32:59.190Z,2025-05-11T06:32:25.313Z,6.7
2025-05-11T07:22:39.828Z,2025-05-11T07:20:32.930Z,5.5
2025-05-11T08:29:59.123Z,2025-05-11T08:29:44.002Z,4.9
2025-05-11T09:24:04.808Z,2025-05-11T09:22:17.620Z,4.1
2025-05-11T10:24:09.550Z,2025-05-11T10:23:25.088Z,4.0
2025-05-11T11:18:22.631Z,2025-05-11T11:17:29.628Z,4.9
2025-05-11T12:46:44.661Z,2025-05-11T12:46:34.231Z,6.4
2025-05-11T13:28:55.107Z,2025-05-11T13:28:24.371Z,6.9
2025-05-11T14:22:20.930Z,2025-05-11T14:22:05.877Z,8.2
2025-05-11T15:23:19.176Z,2025-05-11T15:22:32.553Z,9.5
2025-05-11T16:28:49.762Z,2025-05-11T16:19:33.836Z,10.7
2025-05-11T17:19:22.343Z,2025-05-11T17:18:42.695Z,13.1
2025-05-11T18:31:28.826Z,2025-05-11T18:30:31.546Z,14.3
2025-05-11T19:18:14.443Z,2025-05-11T19:17:22.027Z,15.8
2025-05-11T20:25:07.853Z,2025-05-11T20:24:28.285Z,16.7
2025-05-11T21:21:33.319Z,2025-05-11T21:20:35.225Z,17.1
2025-05-11T22:22:49.770Z,2025-05-11T22:22:25.884Z,16.9
2025-05-11T23:22:37.948Z,2025-05-11T23:21:27.054Z,16.6
2025-05-12T02:06:32.384Z,2025-05-12T02:04:22.499Z,12.2
2025-05-12T03:47:33.852Z,2025-05-12T03:46:31.933Z,11.9
2025-05-12T04:30:55.804Z,2025-05-12T04:29:23.158Z,12.8
2025-05-12T05:26:00.766Z,2025-05-12T05:25:28.983Z,12.1
2025-05-12T06:37:13.255Z,2025-05-12T06:36:43.077Z,11.6
2025-05-12T07:25:18.490Z,2025-05-12T07:23:32.531Z,11.0
2025-05-12T08:34:30.849Z,2025-05-12T08:32:23.348Z,11.0
2025-05-12T09:28:37.902Z,2025-05-12T09:27:31.122Z,11.1
2025-05-12T10:28:54.542Z,2025-05-12T10:28:27.990Z,10.7
2025-05-12T11:21:44.910Z,2025-05-12T11:21:24.464Z,11.7
2025-05-12T12:53:49.000Z,2025-05-12T12:53:28.268Z,13.8
2025-05-12T13:36:47.730Z,2025-05-12T13:36:32.568Z,13.1
2025-05-12T14:27:01.222Z,2025-05-12T14:26:28.298Z,14.9
2025-05-12T15:29:40.327Z,2025-05-12T15:28:29.278Z,16.2
2025-05-12T16:33:11.606Z,2025-05-12T16:32:22.121Z,18.2
2025-05-12T17:22:22.221Z,2025-05-12T17:21:28.227Z,18.3
2025-05-12T18:35:15.719Z,2025-05-12T18:33:25.793Z,18.6
2025-05-12T19:20:41.421Z,2025-05-12T19:19:24.851Z,19.0
2025-05-12T20:28:06.957Z,2025-05-12T20:27:26.319Z,20.0
2025-05-12T21:23:33.007Z,2025-05-12T21:22:01.709Z,19.9
2025-05-12T22:24:43.898Z,2025-05-12T22:24:28.077Z,19.6
2025-05-12T23:23:24.297Z,2025-05-12T23:22:46.584Z,18.6
2025-05-13T02:04:01.861Z,2025-05-13T02:03:31.264Z,17.0
2025-05-13T03:45:01.385Z,2025-05-13T03:44:30.625Z,14.4
2025-05-13T04:31:04.048Z,2025-05-13T04:29:50.566Z,15.5
2025-05-13T05:25:35.057Z,2025-05-13T05:25:17.694Z,14.2
2025-05-13T06:35:48.224Z,2025-05-13T06:35:30.570Z,12.5
2025-05-13T07:25:23.578Z,2025-05-13T07:24:29.937Z,13.2
2025-05-13T08:34:15.538Z,2025-05-13T08:33:28.095Z,13.6
2025-05-13T09:28:03.260Z,2025-05-13T09:27:27.689Z,13.0
2025-05-13T10:28:54.136Z,2025-05-13T10:27:25.421Z,12.9
2025-05-13T11:21:40.474Z,2025-05-13T11:20:50.343Z,13.8
2025-05-13T12:54:06.571Z,2025-05-13T12:53:24.593Z,16.9
2025-05-13T13:37:10.212Z,2025-05-13T13:36:46.933Z,17.9
2025-05-13T14:26:56.773Z,2025-05-13T14:26:34.845Z,19.2
2025-05-13T15:27:50.838Z,2025-05-13T15:26:25.456Z,20.5
2025-05-13T16:32:48.217Z,2025-05-13T16:31:28.337Z,22.6
2025-05-13T17:22:54.483Z,2025-05-13T17:21:25.921Z,23.5
2025-05-13T18:34:23.182Z,2025-05-13T18:32:27.319Z,25.6
2025-05-13T19:20:32.172Z,2025-05-13T19:20:11.951Z,26.0
2025-05-13T20:28:06.953Z,2025-05-13T20:27:26.208Z,26.0
2025-05-13T21:23:29.500Z,2025-05-13T21:22:20.871Z,25.6
2025-05-13T22:25:13.779Z,2025-05-13T22:24:56.144Z,25.5
2025-05-13T23:23:43.135Z,2025-05-13T23:21:33.941Z,25.0
2025-05-14T02:02:30.409Z,2025-05-14T02:01:22.604Z,23.1
2025-05-14T03:43:29.400Z,2025-05-14T03:41:28.710Z,18.5
2025-05-14T04:30:33.280Z,2025-05-14T04:30:15.391Z,17.5
2025-05-14T05:25:30.411Z,2025-05-14T05:24:48.296Z,18.7
2025-05-14T06:35:55.499Z,2025-05-14T06:35:24.255Z,16.3
2025-05-14T07:25:14.174Z,2025-05-14T07:24:39.534Z,15.4
2025-05-14T08:33:39.344Z,2025-05-14T08:32:21.855Z,14.5
2025-05-14T09:27:25.065Z,2025-05-14T09:26:12.167Z,13.1
2025-05-14T10:27:58.388Z,2025-05-14T10:26:22.424Z,14.9
2025-05-14T11:21:17.483Z,2025-05-14T11:20:40.186Z,16.7
2025-05-14T12:52:27.351Z,2025-05-14T12:49:48.932Z,19.6
2025-05-14T13:35:26.009Z,2025-05-14T13:34:27.673Z,21.4
2025-05-14T14:26:26.694Z,2025-05-14T14:25:32.432Z,22.4
2025-05-14T15:27:29.959Z,2025-05-14T15:26:27.635Z,23.3
2025-05-14T16:32:07.826Z,2025-05-14T16:31:44.907Z,23.9
2025-05-14T17:23:01.884Z,2025-05-14T17:22:41.724Z,25.3
2025-05-14T18:33:36.830Z,2025-05-14T18:32:23.063Z,26.0
2025-05-14T19:20:09.159Z,2025-05-14T19:19:35.599Z,26.8
2025-05-14T20:23:15.145Z,2025-05-14T20:22:23.369Z,26.7
2025-05-14T21:19:47.859Z,2025-05-14T21:18:41.346Z,26.8
2025-05-14T22:20:49.156Z,2025-05-14T22:20:17.446Z,25.7
2025-05-14T23:23:16.925Z,2025-05-14T23:21:26.237Z,24.7
2025-05-15T02:01:27.400Z,2025-05-15T02:01:01.030Z,21.5
2025-05-15T03:44:06.830Z,2025-05-15T03:42:35.990Z,20.4
2025-05-15T04:30:37.456Z,2025-05-15T04:30:13.944Z,20.3
2025-05-15T05:26:01.121Z,2025-05-15T05:25:32.826Z,19.1
2025-05-15T06:36:23.386Z,2025-05-15T06:35:26.258Z,19.5
2025-05-15T07:25:15.940Z,2025-05-15T07:24:41.143Z,19.5
2025-05-15T08:33:37.461Z,2025-05-15T08:33:27.028Z,19.6
2025-05-15T09:27:34.714Z,2025-05-15T09:26:23.768Z,19.3
2025-05-15T10:28:58.309Z,2025-05-15T10:28:21.972Z,19.4
2025-05-15T11:21:28.803Z,2025-05-15T11:21:09.396Z,19.5
2025-05-15T12:52:25.930Z,2025-05-15T12:51:53.639Z,19.9
2025-05-15T13:34:33.802Z,2025-05-15T13:33:31.646Z,20.5
2025-05-15T14:26:29.763Z,2025-05-15T14:25:20.907Z,21.5
2025-05-15T15:26:02.690Z,2025-05-15T15:25:27.729Z,23.2
2025-05-15T16:32:51.114Z,2025-05-15T16:32:28.284Z,23.7
2025-05-15T17:22:39.530Z,2025-05-15T17:22:25.153Z,25.2
2025-05-15T18:35:31.935Z,2025-05-15T18:33:57.427Z,26.0
2025-05-15T19:19:43.277Z,2025-05-15T19:18:36.074Z,25.1
2025-05-15T20:28:27.357Z,2025-05-15T20:27:56.629Z,25.8
2025-05-15T21:23:39.257Z,2025-05-15T21:23:26.340Z,25.5
2025-05-15T22:24:15.612Z,2025-05-15T22:23:26.903Z,25.2
2025-05-15T23:23:56.637Z,2025-05-15T23:21:28.105Z,25.2
2025-05-16T02:04:07.100Z,2025-05-16T02:03:32.082Z,21.3
2025-05-16T03:45:52.495Z,2025-05-16T03:45:27.397Z,20.4
2025-05-16T04:30:57.373Z,2025-05-16T04:30:35.355Z,20.1
2025-05-16T05:26:00.466Z,2025-05-16T05:25:20.871Z,19.0
2025-05-16T06:36:10.721Z,2025-05-16T06:35:23.657Z,19.0
2025-05-16T07:24:41.439Z,2025-05-16T07:23:29.866Z,17.9
2025-05-16T08:33:45.307Z,2025-05-16T08:33:30.468Z,17.1
2025-05-16T09:27:09.305Z,2025-05-16T09:26:22.808Z,17.4
2025-05-16T10:27:28.878Z,2025-05-16T10:25:31.457Z,18.0
2025-05-16T11:21:10.186Z,2025-05-16T11:20:17.178Z,18.8
2025-05-16T12:52:18.380Z,2025-05-16T12:50:21.919Z,22.2
2025-05-16T13:34:52.258Z,2025-05-16T13:33:25.747Z,23.8
2025-05-16T14:25:16.590Z,2025-05-16T14:24:50.862Z,24.9
2025-05-16T15:25:11.891Z,2025-05-16T15:24:42.960Z,25.8
2025-05-16T16:31:46.134Z,2025-05-16T16:30:45.188Z,27.2
2025-05-16T17:21:06.011Z,2025-05-16T17:19:22.520Z,27.6
2025-05-16T18:34:23.742Z,2025-05-16T18:33:36.912Z,27.4
2025-05-16T19:19:32.457Z,2025-05-16T19:18:25.651Z,28.5
2025-05-16T20:27:11.520Z,2025-05-16T20:26:32.809Z,21.2
2025-05-16T21:23:02.689Z,2025-05-16T21:22:25.950Z,20.7
2025-05-16T22:24:15.386Z,2025-05-16T22:23:38.940Z,22.6
2025-05-16T23:23:11.434Z,2025-05-16T23:22:27.679Z,23.1
2025-05-17T02:00:21.607Z,2025-05-17T01:58:20.130Z,19.9
2025-05-17T03:41:46.220Z,2025-05-17T03:40:22.853Z,19.4
2025-05-17T04:29:00.766Z,2025-05-17T04:28:27.165Z,19.3
2025-05-17T05:23:38.941Z,2025-05-17T05:22:57.651Z,17.7
2025-05-17T06:32:55.688Z,2025-05-17T06:31:33.445Z,18.1
2025-05-17T07:22:05.975Z,2025-05-17T07:21:34.245Z,16.7
2025-05-17T08:29:54.426Z,2025-05-17T08:29:24.886Z,16.7
2025-05-17T09:24:08.746Z,2025-05-17T09:20:23.240Z,16.4
2025-05-17T10:25:58.581Z,2025-05-17T10:25:28.700Z,16.2
2025-05-17T11:18:46.133Z,2025-05-17T11:17:28.062Z,15.6
2025-05-17T12:47:06.257Z,2025-05-17T12:46:29.524Z,17.0
2025-05-17T13:29:15.754Z,2025-05-17T13:28:30.748Z,17.0
2025-05-17T14:21:24.866Z,2025-05-17T14:19:31.008Z,17.4
2025-05-17T15:23:45.064Z,2025-05-17T15:23:33.057Z,16.0
2025-05-17T16:28:57.416Z,2025-05-17T16:28:27.434Z,17.2
2025-05-17T17:20:17.894Z,2025-05-17T17:19:20.166Z,19.3
2025-05-17T18:32:23.093Z,2025-05-17T18:31:32.918Z,20.4
2025-05-17T19:20:35.619Z,2025-05-17T19:18:42.221Z,19.4
2025-05-17T20:25:26.970Z,2025-05-17T20:24:33.339Z,18.8
2025-05-17T21:21:48.978Z,2025-05-17T21:20:00.414Z,19.8
2025-05-17T22:22:25.053Z,2025-05-17T22:21:42.701Z,19.0
2025-05-17T23:22:37.522Z,2025-05-17T23:21:50.422Z,18.2
2025-05-18T02:10:15.940Z,2025-05-18T02:09:58.106Z,17.2
2025-05-18T03:48:23.612Z,2025-05-18T03:45:32.918Z,15.1
2025-05-18T04:32:36.097Z,2025-05-18T04:32:23.605Z,13.9
2025-05-18T05:24:13.998Z,2025-05-18T05:23:38.079Z,13.5
2025-05-18T06:33:56.428Z,2025-05-18T06:32:26.334Z,13.0
2025-05-18T07:22:19.387Z,2025-05-18T07:21:29.087Z,12.9
2025-05-18T08:29:19.140Z,2025-05-18T08:28:35.449Z,12.9
2025-05-18T09:23:40.724Z,2025-05-18T09:22:34.422Z,12.7
2025-05-18T10:25:09.861Z,2025-05-18T10:23:31.129Z,12.7
2025-05-18T11:18:46.398Z,2025-05-18T11:17:25.448Z,13.0
2025-05-18T12:47:49.099Z,2025-05-18T12:47:27.024Z,14.2
2025-05-18T13:29:50.702Z,2025-05-18T13:29:21.718Z,14.4
2025-05-18T14:21:40.474Z,2025-05-18T14:20:38.152Z,14.4
2025-05-18T15:23:05.236Z,2025-05-18T15:20:59.605Z,15.0
2025-05-18T16:28:25.372Z,2025-05-18T16:26:37.454Z,14.5
2025-05-18T17:19:54.251Z,2025-05-18T17:19:30.757Z,14.4
2025-05-18T18:32:19.391Z,2025-05-18T18:30:20.763Z,14.3
2025-05-18T19:18:37.299Z,2025-05-18T19:17:24.680Z,12.9
2025-05-18T20:25:45.516Z,2025-05-18T20:25:22.419Z,12.5
2025-05-18T21:21:25.677Z,2025-05-18T21:20:54.506Z,11.6
2025-05-18T22:23:10.088Z,2025-05-18T22:20:21.104Z,10.6
2025-05-18T23:23:01.701Z,2025-05-18T23:22:32.831Z,10.2
2025-05-19T02:08:58.626Z,2025-05-19T02:08:32.659Z,8.1
2025-05-19T03:50:42.311Z,2025-05-19T03:49:51.461Z,7.6
2025-05-19T04:33:33.595Z,2025-05-19T04:32:52.891Z,7.6
2025-05-19T05:25:44.016Z,2025-05-19T05:24:36.202Z,7.7
2025-05-19T06:37:16.545Z,2025-05-19T06:36:54.526Z,7.9
2025-05-19T07:25:28.910Z,2025-05-19T07:24:28.319Z,7.9
2025-05-19T08:35:27.796Z,2025-05-19T08:34:25.426Z,7.9
2025-05-19T09:29:09.041Z,2025-05-19T09:28:26.820Z,7.8
2025-05-19T10:28:42.955Z,2025-05-19T10:28:19.324Z,7.8
2025-05-19T11:21:39.365Z,2025-05-19T11:20:47.203Z,7.8
2025-05-19T12:54:18.764Z,2025-05-19T12:49:32.049Z,8.0
2025-05-19T13:36:43.257Z,2025-05-19T13:35:55.428Z,8.4
2025-05-19T14:26:23.344Z,2025-05-19T14:25:33.166Z,8.9
2025-05-19T15:27:50.936Z,2025-05-19T15:27:34.633Z,8.9
2025-05-19T16:32:22.445Z,2025-05-19T16:30:25.870Z,9.6
2025-05-19T17:22:40.031Z,2025-05-19T17:22:01.850Z,8.7
2025-05-19T18:35:25.486Z,2025-05-19T18:34:56.049Z,9.7
2025-05-19T19:20:26.101Z,2025-05-19T19:20:02.395Z,10.5
2025-05-19T20:27:53.916Z,2025-05-19T20:26:25.372Z,10.4
2025-05-19T21:23:28.013Z,2025-05-19T21:21:27.235Z,10.3
2025-05-19T22:24:59.039Z,2025-05-19T22:22:43.891Z,9.9
2025-05-19T23:23:41.476Z,2025-05-19T23:22:30.012Z,9.5
2025-05-20T02:04:42.795Z,2025-05-20T02:04:00.881Z,7.5
2025-05-20T03:45:30.869Z,2025-05-20T03:44:30.030Z,7.2
2025-05-20T04:30:24.198Z,2025-05-20T04:29:58.647Z,7.1
2025-05-20T05:25:42.903Z,2025-05-20T05:24:04.182Z,7.0
2025-05-20T06:36:25.465Z,2025-05-20T06:35:21.754Z,7.0
2025-05-20T07:25:08.393Z,2025-05-20T07:24:31.160Z,6.9
2025-05-20T08:34:46.671Z,2025-05-20T08:33:27.893Z,6.7
2025-05-20T09:28:08.207Z,2025-05-20T09:26:42.955Z,6.7
2025-05-20T10:28:38.385Z,2025-05-20T10:26:58.003Z,7.0
2025-05-20T11:21:31.733Z,2025-05-20T11:20:09.380Z,7.3
2025-05-20T12:54:09.139Z,2025-05-20T12:53:24.596Z,7.5
2025-05-20T13:37:03.800Z,2025-05-20T13:35:45.247Z,8.2
2025-05-20T14:26:12.399Z,2025-05-20T14:24:28.903Z,9.1
2025-05-20T15:28:26.345Z,2025-05-20T15:27:44.949Z,9.9
2025-05-20T16:32:51.253Z,2025-05-20T16:32:07.056Z,10.6
2025-05-20T17:22:44.104Z,2025-05-20T17:18:45.487Z,11.0
2025-05-20T18:36:11.983Z,2025-05-20T18:35:39.937Z,11.7
2025-05-20T19:19:45.105Z,2025-05-20T19:18:43.893Z,11.7
2025-05-20T20:28:41.674Z,2025-05-20T20:28:29.683Z,11.9
2025-05-20T21:23:26.040Z,2025-05-20T21:21:24.550Z,11.7
2025-05-20T22:24:11.759Z,2025-05-20T22:23:45.267Z,11.9
2025-05-20T23:23:12.217Z,2025-05-20T23:21:25.172Z,11.6
2025-05-21T02:04:08.306Z,2025-05-21T02:03:28.541Z,11.0
2025-05-21T03:44:58.344Z,2025-05-21T03:44:26.254Z,10.0
2025-05-21T04:31:01.263Z,2025-05-21T04:29:56.200Z,9.8
2025-05-21T05:25:49.449Z,2025-05-21T05:25:30.801Z,9.5
2025-05-21T06:36:35.347Z,2025-05-21T06:35:34.241Z,9.3
2025-05-21T07:24:38.664Z,2025-05-21T07:23:27.562Z,9.3
2025-05-21T08:33:42.329Z,2025-05-21T08:33:24.218Z,9.6
2025-05-21T09:28:29.328Z,2025-05-21T09:27:00.724Z,9.4
2025-05-21T10:28:28.275Z,2025-05-21T10:27:26.736Z,9.3
2025-05-21T11:21:20.461Z,2025-05-21T11:20:29.834Z,9.3
2025-05-21T12:53:41.910Z,2025-05-21T12:52:29.030Z,10.7
2025-05-21T13:36:09.569Z,2025-05-21T13:35:32.947Z,11.4
2025-05-21T14:26:14.617Z,2025-05-21T14:25:29.695Z,12.1
2025-05-21T15:28:36.286Z,2025-05-21T15:27:24.091Z,12.9
2025-05-21T16:32:50.973Z,2025-05-21T16:32:28.988Z,13.6
2025-05-21T17:22:14.548Z,2025-05-21T17:20:13.244Z,14.1
2025-05-21T18:35:37.095Z,2025-05-21T18:34:27.813Z,16.1
2025-05-21T19:20:10.505Z,2025-05-21T19:19:26.926Z,15.9
2025-05-21T20:27:56.310Z,2025-05-21T20:26:45.872Z,16.6
2025-05-21T21:23:12.453Z,2025-05-21T21:22:38.857Z,16.6
2025-05-21T22:24:57.883Z,2025-05-21T22:24:30.460Z,16.8
2025-05-21T23:23:38.338Z,2025-05-21T23:22:23.237Z,16.4
2025-05-22T02:03:41.461Z,2025-05-22T02:01:46.570Z,13.4
2025-05-22T03:45:05.673Z,2025-05-22T03:44:29.235Z,11.7
2025-05-22T04:31:43.587Z,2025-05-22T04:28:22.870Z,11.3
